-4884018639043824038,1
4498483916594990618,1
Tarawa,Pacific
7828998108286318593,1
-5012372834971943610,1
624978947369431497,1
-3580021781256956001,1
2707315693044175021,1
Dubai,Asia
8383760536483283474,1
-1267915343083665499,1
-3538312995857787736,1
-4725291956951063240,1
Rainy_River,America
Madrid,Europe
-1531537554310761448,1
5240246516906279036,1
2418694259229735703,1
-5778647087336989517,1
-1988202688964024092,1
5798806905524011525,1
-2160244768458043504,1
-6980241728516564971,1
1305906321358854988,1
7631418287481876009,1
4968426936556450291,1
6516438431591114983,1
-2067177458178631474,1
5014208761989448056,1
-2103419102081731386,1
6640730759884099501,1
4882073013087170029,1
324518666469248940,1
-1632325164514177485,1
-8332081674519139391,1
-8878251613757625013,1
2740847526148044143,1
-6732899257963159339,1
-688824411117841058,1
5093655468886629787,1
243584665504725377,1
-360437690791407464,1
273824673022630276,1
-4581685492551665576,1
-9168511689526571141,1
Dawson,America
5087541216591802085,1
El_Aaiun,Africa
Simferopol,Europe
5441935358608328321,1
Kathmandu,Asia
2270874837418707061,1
Qatar,Asia
BajaSur,Mexico
2495097808735553142,1
Mahe,Indian
Magadan,Asia
-2021780582084179829,1
2855548859885723640,1
7527498139577691820,1
-7095317809616799704,1
-26697103751837422,1
General,Mexico
-1444355141534894602,1
-7928829943297761338,1
Denver,America
4116089962012484000,1
204310644655008406,1
3299625178350587491,1
-2641115575712929310,1
-1664177329405885929,1
-5948556005786548811,1
3558900389772285562,1
Kuala_Lumpur,Asia
6125736310302255639,1
26967153873679691,1
El_Salvador,America
-7815479900701527700,1
-1548764531285162119,1
Faeroe,Atlantic
1724081478451060068,1
Christmas,Indian
1807338367389844272,1
7562181798037182232,1
8228186775922701792,1
-6754489329814325763,1
1430489580257907660,1
-192813513599714533,1
Managua,America
5571183478028015384,1
-7610362199182220306,1
-3729273304361768341,1
Cancun,America
-5472292574240491515,1
Samara,Europe
-1290910701349081514,1
-1540269015373035291,1
-2164941038607321109,1
1941806562783204819,1
2107294867954198979,1
Macao,Asia
2128703753226708812,1
-8872107969499883075,1
-1160641652804115807,1
1926013634274761806,1
-5590003304587830996,1
South_Georgia,Atlantic
-3036631130358041792,1
-7705899043995259385,1
5448397036898962393,1
4829900689101044417,1
-7784142448699579682,1
2957342187148701573,1
4950190231287513017,1
Blanc-Sablon,America
4180180671283763384,1
-8226073661503347685,1
-4161970545940343668,1
-1890168165709319275,1
6347371049353741311,1
Noumea,Pacific
-436887016770522360,1
-1954801823293491874,1
Matamoros,America
-778871769433216105,1
-1582694924853216487,1
8165940940462602103,1
-1306026297745106842,1
-7415066191801409324,1
-5923044449594180837,1
9031439968583450313,1
Ujung_Pandang,Asia
-5341528294588458528,1
-7982132791666770794,1
2759916213340260235,1
-2292832686256822469,1
Makassar,Asia
4355854712242881953,1
-8176324294967315891,1
-6688322625190883017,1
3399621729913807348,1
Almaty,Asia
Adelaide,Australia
-4788725209211091114,1
5289181544971538174,1
3535756034876734737,1
-6952800466123707983,1
1530805041256107095,1
Phnom_Penh,Asia
-1399122008446496130,1
Montserrat,America
3133769989616002250,1
Taipei,Asia
-1564812591461788205,1
-4530097871661423205,1
-4900008262525662816,1
-1470369399933260312,1
-400704485677518992,1
-6323708379203814790,1
2978473816202217678,1
4987937445134613731,1
Antananarivo,Indian
-6368792439813655564,1
Windhoek,Africa
-7799611630975165495,1
-8211733492605646887,1
Dacca,Asia
-5047141565041577816,1
-1693430439613960588,1
Pangnirtung,America
333978303268091273,1
6695157856604057362,1
967686336915808318,1
8173637013994194152,1
Urumqi,Asia
7331833204787385623,1
3623222117033742508,1
-1673762911226920207,1
Tbilisi,Asia
2922797547688986416,1
-8279478934861796929,1
Arctic,2
-5872370025296367322,1
-5961275859114737476,1
-4675532352238073541,1
2928662282823317716,1
-4476428111240594188,1
-6888680804248531781,1
5839574904874154592,1
-9106064722158991001,1
-6873554795226014415,1
Los_Angeles,America
8926670896447425313,1
-2176244151399693324,1
-2761588708756610638,1
-1605703008770832257,1
-4459001637639566428,1
Thule,America
-6865254338074028232,1
364909757795584065,1
-1435789696573991728,1
2456207393413325912,1
1625975310895432586,1
Hebron,Asia
2853040052040007363,1
-3490755297591672984,1
3524251510429063187,1
8045441018825298643,1
2257171094985335884,1
Longyearbyen,Arctic
5036700516687723598,1
-2205115097757567014,1
-4093816072529005619,1
-2389393996189706016,1
-7733696161558917973,1
7220495258090214448,1
-8520719492374616487,1
-5791428264659799339,1
5148169752275237737,1
1427224957456887066,1
-7015198487262249314,1
1606764949991237301,1
-1690191111366295385,1
889210941210097302,1
889916671174874942,1
-7831507120140452245,1
-7464134599883662343,1
Bissau,Africa
GMT-4,Etc
-2384863274795936611,1
4553278419904916805,1
3879571451591834052,1
-2283862740733957092,1
-1832490694983644507,1
-8587555489501436600,1
-6255445077068274278,1
4684295805110776823,1
-7896857459985715617,1
-9182844991462851571,1
4157719256324266413,1
ACT,Australia
3363852628819299768,1
Qyzylorda,Asia
Isle_of_Man,Europe
Moncton,America
4135114904515949032,1
Manila,Asia
Aqtau,Asia
Hobart,Australia
-2641616347526691400,1
1197397428948460765,1
5050263080164582335,1
286671849927643112,1
-8253155135292872133,1
2656991428878747275,1
1871722027815615565,1
6545009380652782777,1
-524702231925019097,1
4890624124953057889,1
2886188290294255184,1
-6363306694461586969,1
-8209940883196719848,1
-5172383040490408208,1
-8318478021824551991,1
-7178343233302182679,1
Palau,Pacific
Gaborone,Africa
-8759212610893733361,1
Conakry,Africa
-7728708909600662197,1
-3865799920248328079,1
-3893264234967844831,1
-7226910518710919069,1
8726268332769028171,1
-933310955816091264,1
345562702795549490,1
248158467452465794,1
1575384217867234333,1
5457376200486864368,1
-2783248261637196836,1
-1138800599490820119,1
8629269631124799327,1
-3907182316649093527,1
-1446315073759338413,1
-8698310597480969055,1
6541131137556324638,1
-3232061338050425834,1
-8278746087701392581,1
Cordoba,America
-6837902401415276664,1
-8152398484897939252,1
3264737552556343864,1
-2571117231274478874,1
5504195580807662016,1
7270071087421710258,1
-6867263956502156612,1
-5701490684983713176,1
-7573491508812850760,1
Tasmania,Australia
-1737047682873784728,1
Athens,Europe
-6193496731805036259,1
Sao_Paulo,America
-6266683084331877639,1
18298408559114925,1
-3121060639070496564,1
2929925949519197622,1
-8577453747094204590,1
Kerguelen,Indian
Curacao,America
-7829470161154809393,1
Novosibirsk,Asia
-4814507472384019323,1
-8401732279780655318,1
-2639973979835602369,1
Tehran,Asia
1814008486538551490,1
-585271026853444580,1
9036309054717106250,1
-4281178465425628674,1
2174303298935376331,1
-8411101832317943507,1
-4908615835916516897,1
GMT-10,Etc
Kwajalein,Pacific
Ulan_Bator,Asia
-6097017659374523437,1
-2098004609235920154,1
591054558793689888,1
3451897182901068412,1
Stanley,Atlantic
Luxembourg,Europe
3966309914669349857,1
5898658597683047874,1
Mazatlan,America
-746187115954146830,1
6275811995795453369,1
Victoria,Australia
3513812279451082483,1
7823876242286953284,1
-4769884696678013179,1
-5509437967223627759,1
GMT,Etc
-115945432194041651,1
3456232064809741199,1
1457051153310669151,1
-7631413828751153866,1
294489349942846945,1
-7737681005897484489,1
-5834375947591726501,1
-3165771668716963226,1
-2480833777389990373,1
Cambridge_Bay,America
986218928219557138,1
-3678102138378566687,1
7820551818387513532,1
-8473539571196471333,1
6762107386418789542,1
Indiana-Starke,US
-5435192529494280979,1
-8101936618966569613,1
-1118255750601928445,1
1496127878023074647,1
-1813119494412717434,1
-4198168708974727913,1
-5413707845096982617,1
-7307192617015663923,1
Nicosia,Europe
3024076082649809956,1
7625769251573832932,1
5564380888016941365,1
7316335454434728522,1
-3467320617035147666,1
Fort_Wayne,America
-6111603025467255645,1
229162320508622933,1
5556854490957272339,1
-6074063451951520275,1
-5039046642806519318,1
-9004425280736882469,1
4654571789410519754,1
314359015711758928,1
-4342068201894884537,1
2571411049273498061,1
-3711389042732392096,1
-723357865953357991,1
-5382898275344810646,1
8791235981280154704,1
DeNoronha,Brazil
6491658755766433762,1
Casey,Antarctica
8213751625465248412,1
Apia,Pacific
-684662471712958838,1
8340434973457057319,1
4083837388171276247,1
6881852585820150391,1
St_Johns,America
2369566540046505455,1
-1339427133308215416,1
-4225455203969238344,1
7452890083498552027,1
Aleutian,US
-1365495830436429358,1
8301951287920734272,1
-3342324103346172678,1
-175089555706754362,1
Guayaquil,America
2809493109387075437,1
-7635320799147583840,1
-2072468898501329798,1
-3113765146461077533,1
Kiev,Europe
-3799229101721767680,1
-4697124166034542910,1
8675950456396599926,1
3523172340401962319,1
9214530006082724124,1
-7091878593763438102,1
-8758984345115558509,1
-7319769739349553793,1
Cayenne,America
-5257683134732744025,1
Aden,Asia
GMT-14,Etc
2536146132506416637,1
-6283338880106920699,1
2147792708512984254,1
1015663065807385130,1
-328008279243292894,1
6077163334207023485,1
-1718475365438774841,1
-5152016235239975027,1
4849019205526620707,1
3076292050899012452,1
428755895721710382,1
-5846499491567608473,1
-6865827810958551167,1
-5690087461687566847,1
4935692949451561223,1
-7609147791180417409,1
7639208839053224534,1
6553118568621670460,1
5625347219407190465,1
1660442476665741262,1
Tortola,America
Grenada,America
6682779467264810221,1
GMT+8,Etc
-7109223548976924478,1
4662817375621989974,1
Krasnoyarsk,Asia
Puerto_Rico,America
6938698222754722526,1
-8748272757686196734,1
Shanghai,Asia
6530383747791067662,1
-6086460559428663709,1
-1407851111835462728,1
Port_of_Spain,America
3543260199605472293,1
4651018429672921238,1
Enderbury,Pacific
-2765610990531052972,1
Zagreb,Europe
2783426446022633168,1
-2605143331204247048,1
2430162896681690013,1
-7523265997662291748,1
-4150139757270344160,1
8831721258370080550,1
Santo_Domingo,America
-6807096397428945746,1
2708398980715820883,1
Hermosillo,America
5791116407968081190,1
-520857953763354121,1
Zaporozhye,Europe
BajaNorte,Mexico
8053293357510148825,1
-4451165576544585670,1
7424177282653484469,1
-6721121815924760733,1
Adak,America
9086115947445562774,1
-8775060401799314683,1
88067355200163073,1
Bougainville,Pacific
7818545878318409161,1
-5418324306722450928,1
-7903209581322554727,1
-750845461816936026,1
-8799611368684852234,1
-8171704738622691417,1
Jerusalem,Asia
Miquelon,America
2623436502716366298,1
-8449769838603938794,1
Auckland,Pacific
Tirane,Europe
4300327749317342642,1
7512857628298717852,1
6229687153172485474,1
Monaco,Europe
Port_Moresby,Pacific
-6247143634049333309,1
-3682582153072847360,1
Bangkok,Asia
-1451798672425494876,1
8013094377276246481,1
3147197327550568268,1
Anguilla,America
Khandyga,Asia
Tiraspol,Europe
-5302546414823022939,1
-8474938142951092724,1
-726698139073644734,1
Chungking,Asia
-14833539627778772,1
-1527257898021171664,1
McMurdo,Antarctica
Knox_IN,America
205093128657178581,1
-8065187374485640361,1
-3141708539199451206,1
1847874140406738425,1
2958277663600261945,1
1860809118194119064,1
Saipan,Pacific
Banjul,Africa
Katmandu,Asia
2061066541426026443,1
5319182055177422399,1
-990126737766641000,1
-8255614579318963400,1
956699378413736211,1
7264044469674944669,1
5004993332230270572,1
6497664901075697174,1
1372783576021184329,1
7406635395702215908,1
-8814729967219712107,1
4790227262921240688,1
Fortaleza,America
-1146380504599753000,1
7895025378205292943,1
7231685739756381102,1
Monterrey,America
2494814633456538961,1
9152225889422203455,1
Whitehorse,America
3899911276241476250,1
4944181489829036306,1
-2267945469739402386,1
7460418694059614274,1
Algiers,Africa
-998886386290591731,1
2913065351778330474,1
-4454627721775931889,1
-7775718135516333332,1
-2735303854941490687,1
742057709742141264,1
-3638964276797076580,1
-1922608621651063534,1
GMT+12,Etc
6346190797586341593,1
2024751279103096282,1
3239922048894370439,1
-5284350617319189784,1
Harbin,Asia
5057280052156538855,1
4537474526051472060,1
Djibouti,Africa
3286466461143298265,1
-1149214558665520517,1
-5925270467138693750,1
8938180842274632716,1
-2058356998537800562,1
-8097680340101762654,1
-7941832463208925319,1
-6449810905960519060,1
7171030836921863676,1
-1776999867049024177,1
5406322120973153189,1
5442185769078823411,1
8234119420129858831,1
Pohnpei,Pacific
1176313555044125963,1
Gibraltar,Europe
Lindeman,Australia
2785432805425912906,1
7579099866231172255,1
6058004632826876750,1
3780639894930663178,1
Addis_Ababa,Africa
Zurich,Europe
2933160853317946566,1
-1925734205994635565,1
-4511765984972667560,1
-5967979805614439117,1
4827208074029504726,1
-8195601378191847323,1
3827143945886794085,1
4460787145389582106,1
881102018045087991,1
8978244890398435627,1
7157981218996423877,1
Luanda,Africa
2093613596451760560,1
2725371193082289665,1
Yakutat,America
-7085377497217037589,1
-7286449702058016629,1
6016474566239545858,1
9209775106525612303,1
East-Indiana,US
5776806971878253114,1
GMT0,Etc
-4074216280357211832,1
-376697196220266293,1
-4671248862807432968,1
-2457219096953426704,1
272587893115846623,1
-3574740329357972382,1
1036608741021960803,1
Khartoum,Africa
7362616926078895362,1
-3596768838702039377,1
2124716320105578790,1
-2291241310346664635,1
Michigan,US
Dili,Asia
1663887137396587693,1
-6772703252233666153,1
-3730762005512412927,1
-1219964926996200578,1
-2545556887853708578,1
1020496125921161723,1
Indiana,America
-8623163313839958268,1
4500682005339904642,1
301172410729101037,1
-5615923359782588880,1
-6855366390056000439,1
Tashkent,Asia
Anchorage,America
-6165427905291627886,1
-7665977145881845994,1
901953006588877931,1
Niamey,Africa
1616891597379068736,1
8097760114030802247,1
7525249486322399890,1
GMT+1,Etc
3694608418243664914,1
-281192519684365626,1
-3118841842405700382,1
Malabo,Africa
6758018217890070004,1
-4757624434656564184,1
-8963219950966465699,1
2178434606475160301,1
-6476587573330771421,1
9106708935675507804,1
-8633933085340120683,1
-1302004482072253126,1
36740590808631487,1
1560466528486233896,1
-5701328702427538850,1
6701843633919699471,1
2507372787269234927,1
-202783673347312657,1
-4505102914041344283,1
-8238682259972945818,1
7483171507957541354,1
-5230995167602078831,1
5870415605193465262,1
Casablanca,Africa
907405388757603245,1
3828995808706983053,1
-480983771558024747,1
-3133292644611745853,1
-1783719413522651002,1
-8112196604039299350,1
Manaus,America
3771573684289428703,1
-5215136755010947807,1
-9052463317664491071,1
7891759066764550406,1
-2622339554881544551,1
-727716351489886104,1
-5601346610571450825,1
8881396386649797561,1
-3045136976038727042,1
-1053119097340754476,1
-9151383592295007470,1
-8674691373366819356,1
-7884150713357358175,1
-3445875944130607203,1
-3616474055376740917,1
-1107910505449844586,1
4505092380399605026,1
6510384359553990723,1
-2669928540738789578,1
3780451298036725756,1
Lubumbashi,Africa
5178305493321679110,1
Johannesburg,Africa
-3069318915220225840,1
-1752387987989347853,1
-821374450213518513,1
-761197658144321412,1
Rarotonga,Pacific
-8541570776331807423,1
2120206779848193940,1
505799368148549482,1
Kiritimati,Pacific
Louisville,America
823991185670781847,1
Vostok,Antarctica
-8970436773702818378,1
4169358604591573253,1
-5785243721392697085,1
-4472524894296013138,1
-6609009207786469267,1
GMT+3,Etc
Aqtobe,Asia
Ho_Chi_Minh,Asia
-4178232670651779611,1
Mauritius,Indian
-5291257704789856662,1
Seoul,Asia
5868914027484165546,1
5223532259549211819,1
9132576597342742600,1
-8295089780750873223,1
226571912803727939,1
2289667354940888044,1
-6684843806058927339,1
Inuvik,America
3695401720985215977,1
-1596107576985413017,1
-1475801205549761684,1
-9089116677996909185,1
-4423031002356991403,1
-4755274941314696702,1
6185797932909983092,1
7446978039330894301,1
316961877140289655,1
7401642771094865787,1
-8204716340741562792,1
-4438565752674724000,1
Lisbon,Europe
-8909160311732406830,1
-6742609303930383559,1
Ojinaga,America
-1698514105234595393,1
2959132505316453206,1
-3449700819527952794,1
-7950283122522296357,1
-2298475201425613816,1
Creston,America
6101983052489721971,1
Ensenada,America
Rothera,Antarctica
1810126099136621874,1
-7005658625310497157,1
Guadeloupe,America
-6040452444924994577,1
-6034736806441097472,1
2406636232388770455,1
-3576002233776913611,1
-7102350285658995239,1
-847329662577453573,1
Srednekolymsk,Asia
7342189742305151923,1
7697580055305197521,1
GMT-0,Etc
2780310784407391929,1
-3204594272805029655,1
-189596900224328300,1
-1703046108185848715,1
-1125025667740544456,1
-4614035074577821347,1
1635978014353110231,1
4335008685329868167,1
3994384049550279357,1
2377936711631539298,1
6462282065798638983,1
1423133620936891290,1
-106284670419700236,1
5892700418356357816,1
Melbourne,Australia
Reykjavik,Atlantic
-7875347743261848933,1
-7637191100505019224,1
Lima,America
-2958141321032744941,1
-8881824788729425466,1
-6088715615946339784,1
-6382952500660088621,1
-412499226074325343,1
-3834689039070909405,1
-2260328311938427948,1
-7883673809942332196,1
8603062875536209540,1
-5925201889463817806,1
-268433703356190046,1
-5035183299842346620,1
-5286693553104993341,1
-6418823182339058467,1
-61650112417080250,1
2862004306278764084,1
-843997019355729699,1
776600353302155045,1
Rio_Branco,America
-3409630857137143661,1
5366481845058736280,1
-9130230548320385340,1
GMT-2,Etc
5586509976747166369,1
-14530821945844126,1
-2416651821317284201,1
-6783096976214916531,1
Libreville,Africa
3025303066329231540,1
-8593306471053121990,1
Montreal,America
9173293111854724105,1
6475134761398961110,1
3742811466112682300,1
-7996636558088659784,1
4478694589315686236,1
-4763374610521594385,1
5068536248290815924,1
Bucharest,Europe
-2439425819044570267,1
-4240142647647361029,1
7015068814887106402,1
8760621729605737746,1
Tongatapu,Pacific
6561518511391720353,1
-6278480607019465551,1
-4816621414026926528,1
-6050699379434886422,1
614049712195593378,1
6966793952728507693,1
-1256153305994363494,1
-1098423281322367176,1
Eucla,Australia
-5493081314700159848,1
-2674162509479210306,1
-7270307113189396447,1
-2123574941329646943,1
-5895878126963673976,1
Vilnius,Europe
9016464091220009061,1
2854176148455273141,1
Rangoon,Asia
Mountain,US
-9097973845444702608,1
2726533949383962157,1
8635922844383691975,1
1618878664863102111,1
-1402791408749566100,1
-5110491730690740925,1
Kaliningrad,Europe
-8676877706650270155,1
3962522584339361414,1
3314681040431391347,1
9168263516736509231,1
1805949484349815675,1
-862920403608844370,1
2025419322997185705,1
7688211144432600468,1
East,Brazil
La_Paz,America
-4924272213991444641,1
8776683361086500049,1
6001616563842391918,1
-985894306878416587,1
Calcutta,Asia
Nairobi,Africa
5812404109490401889,1
8112341196739359288,1
4529381598095496314,1
-1272892476941945388,1
-583461647494065511,1
-3228879890158443271,1
7842702809908374774,1
-1065380676737209759,1
-6777309712096687440,1
-2256778498232420872,1
-5339838668360832829,1
9035284792250699521,1
-9079188739893194644,1
-5846375587203237242,1
802659302467848620,1
4473263282103498186,1
-837864936152319318,1
-8851966833281560146,1
2656998874990005000,1
Anadyr,Asia
8689548374463167433,1
Yellowknife,America
3020307174874026154,1
689854406966881642,1
-7209672598050884598,1
-4725499267113186994,1
-4139433309902905798,1
-2652690044381930564,1
-4157674422598564790,1
1083661982648568487,1
Merida,America
-276747329779188525,1
Maseru,Africa
5753871219635489665,1
-162711177626724788,1
-5690053530284070478,1
7231346095988134972,1
Irkutsk,Asia
7211828095852012716,1
8250843959728236998,1
-2194494612506781124,1
-2123514747474725122,1
1285326134929429939,1
-2736882355515378777,1
Amsterdam,Europe
Bamako,Africa
-5662329175938571480,1
7011338428817685827,1
3061914767364568213,1
-6903575170202757113,1
GMT+7,Etc
Paris,Europe
8799656686624453732,1
-8474699684403889783,1
4659466061053727341,1
-4774580286517264935,1
5353736646372955748,1
Glace_Bay,America
Zulu,Etc
-1832322095806307613,1
-2073746660005601991,1
7075495440853646248,1
5137463675152535997,1
-4911871060134451189,1
Iqaluit,America
-4735698194981997260,1
GMT+5,Etc
-484004463709798526,1
-2211031402474573361,1
-2487203042205911078,1
Berlin,Europe
4687631099532220669,1
-3612747721757503707,1
-7507458443537939689,1
63299483562279143,1
4722110710652468956,1
-5155628227162303117,1
Lome,Africa
9095070280224478656,1
-8059515010397430954,1
-8082954073205736367,1
Mexico_City,America
-1781508981260214068,1
2833211704962331563,1
1221867359962448867,1
-2976801432523956650,1
8544207539251271361,1
2872882971497861521,1
5260189721279374730,1
1190054722088353782,1
-479088663736118112,1
3539032401067679326,1
-1154929611258167827,1
-5074726540481533743,1
-2425148172638624929,1
8441716921017673925,1
-8420100376881960422,1
Baku,Asia
Jersey,Europe
-8422367571768640182,1
-8907643735742819776,1
4670372807795315203,1
8232620801300780494,1
4254779968538361286,1
3818371326831155236,1
Hawaii,US
-4192650070063430938,1
-2658894200525237435,1
7608139616484524742,1
Vatican,Europe
7374971782679456536,1
-5753743790782968845,1
8206736768273954655,1
7394093176310563339,1
-4340940924359700033,1
5494256082392008783,1
Rosario,America
Jamaica,America
5818580147183610049,1
-8996360386754470131,1
-938605126598003748,1
Harare,Africa
-446274469097604233,1
9051116698018393766,1
-7750853532194262898,1
-7512301457814700895,1
4854799458804770752,1
Maceio,America
4822800993764304714,1
-3342297194303252763,1
-3558254218660787312,1
Dhaka,Asia
West,Brazil
Nauru,Pacific
-6232227121210428476,1
-5538943466055935533,1
-323143157655686310,1
8364282200855476359,1
4260098753216463549,1
3879446320355789052,1
-8857002594458420634,1
North_Dakota,America
-2557751122096726615,1
6510189852957201508,1
Amman,Asia
Lower_Princes,America
-7185364788726527825,1
-838654941343420200,1
1490516940345830553,1
2400257649108332248,1
-8448401267354483528,1
8827478752202243590,1
-7153838509221067853,1
Edmonton,America
2502732118778426894,1
1102938619255312521,1
-5089460158305142661,1
-3947399573729488660,1
-2343129920506614182,1
-8004066200470739575,1
-1037535116333037085,1
-5154744817809952409,1
-8698363055076516521,1
-6458726285563668657,1
Continental,Chile
8929114533753129119,1
-7551394282746406369,1
4550485981198586880,1
-1921558713250293686,1
-5894178367232195527,1
6234975644371866336,1
-4325096837108319224,1
-1807099670667356538,1
1279349614547697789,1
-7654619454456135698,1
3321292120323884878,1
2388318078468940567,1
-5417836499136811890,1
285466646557672922,1
7866156836965938655,1
5353408284155780695,1
1962207097839510863,1
-8249112797216966310,1
-5148348551565369702,1
1287594878524130343,1
5357023119469902362,1
-6198100117467213394,1
-2733356597941294293,1
-8790629139990608436,1
-4058853672265510910,1
6949371939657563938,1
Pyongyang,Asia
-6125698329488175996,1
Beirut,Asia
Canberra,Australia
-754046996366568405,1
Chongqing,Asia
-8095225127251837636,1
5173224493475202902,1
-9053372568407771590,1
6755192954763305633,1
624947747731491581,1
5287575707535029316,1
Sakhalin,Asia
5516932232602027319,1
-8849812811141590406,1
Yukon,Canada
7933629722185462002,1
7818641061542498778,1
-5656023628740640060,1
-3599756205011837130,1
7565404620259811516,1
5163677698931398422,1
3754306584925817668,1
-6139338452686712399,1
-6041513215300856412,1
86242523534515872,1
Toronto,America
Nassau,America
-8708354611952714913,1
Oral,Asia
-2666052503057996517,1
Karachi,Asia
South,Australia
2749386871347929325,1
-587537723658274665,1
5882051580594893776,1
7114525884726133182,1
4338999391717439690,1
-8221581894254118463,1
6624375541330361,1
343729928014192929,1
2051498291459974377,1
UTC,Etc
5007038004901251350,1
-2568974386194417353,1
-1665244529296309619,1
5113972978178175833,1
-7733201126718230682,1
-1561101542965546475,1
NSW,Australia
6470723195525873357,1
-6897501869058095249,1
2249359443910063768,1
1441773701836322690,1
Scoresbysund,America
1467823315162990511,1
6315672495080460533,1
-848722239639399665,1
5909113797883898128,1
305240310977970983,1
-1527125533085057309,1
1436427954089685176,1
-3315750540199851298,1
4718367468712064419,1
9147639905867793089,1
GMT+10,Etc
2532895059759908756,1
-8282074441794181796,1
-1173761165869886339,1
4265027900991183878,1
5542323617450612261,1
-3633383770690141993,1
2923404538481237161,1
6963976466983106983,1
1671194976522693571,1
6462866551385594290,1
-3933459108975720924,1
-5392934012149239834,1
Brunei,Asia
-6235863818963729928,1
Guernsey,Europe
-5207058702045732088,1
7428900176488849795,1
1871894405508577596,1
4654582587320973622,1
-8082508932531955205,1
-6455211399067201377,1
Universal,Etc
-8160548737059890009,1
1403121863648979146,1
28436202348583996,1
3914491186664839256,1
-7696290576504290737,1
9104803420483596201,1
-1930597772272377033,1
6686530525439808742,1
-6239069570732070719,1
Brisbane,Australia
742002225161923821,1
Riyadh,Asia
-3432304194778967074,1
-1464478874914247240,1
4789373693109427526,1
-3465836386790897089,1
Dublin,Europe
-4540488437913916203,1
-6328068379216811076,1
-952967585425778297,1
-5567003106316589468,1
-1248603713274499743,1
Africa,108
3246017945843472685,1
-809487342854787945,1
-5181271296010468929,1
8610166221474188310,1
2536647010077471600,1
3744301014496167812,1
945250888773660990,1
-2229248676898873957,1
-4492836936284694954,1
-3180108717850597,1
7008536519354014174,1
5715581918381763525,1
-8378118446352408176,1
7538065453650387139,1
-4945064778724565529,1
-4501635922205778643,1
Efate,Pacific
-1900612569774833143,1
-5796402821046215858,1
1775753735788440209,1
323978348020729000,1
8086232831943251829,1
4401244569187693820,1
-3050580306735760691,1
-6474217291090960641,1
-3970986683506991119,1
Nipigon,America
-6919337780695736469,1
5715788263870047136,1
Chita,Asia
-1433611674249876547,1
-6039480219062955686,1
Tegucigalpa,America
-4789480257831976414,1
8697307534746881264,1
4581142128512957473,1
Tokyo,Asia
5832393932158036939,1
LHI,Australia
3944256802477444603,1
Kigali,Africa
7077375861949447948,1
Lord_Howe,Australia
Freetown,Africa
-2099547656373989378,1
5376675977350490242,1
-6350529098270810764,1
8728606650470309913,1
2974833632298248364,1
-896724452279672569,1
-2680805515589924891,1
6975261623386354797,1
-4237893275922237435,1
-1286026250433573243,1
2344176340986465226,1
6023550117318863560,1
7834641034452946387,1
1278190100974819043,1
-8084271162879556221,1
4030975268993753574,1
8625478861413336546,1
5276273271143460341,1
3395454384971539265,1
Mawson,Antarctica
5744788134637523520,1
122528432864660078,1
-8413143601240488571,1
9055232057017693837,1
-222774446154382536,1
751821126814185828,1
Newfoundland,Canada
7802445671161228309,1
Mogadishu,Africa
-3880378222925057042,1
-5958199812536865807,1
1001114102646622642,1
8519175690036007544,1
Belem,America
Campo_Grande,America
-965145718112840926,1
6987594570307503890,1
6260827373239813707,1
-5545711228022841920,1
-493890838742813308,1
8103042045631298713,1
1793945417645866932,1
1596399391304797366,1
7714299368088251696,1
GMT-6,Etc
8428067214712222428,1
Canary,Atlantic
Lusaka,Africa
8849025892871673524,1
788449670527245297,1
4387582255563027695,1
2029825883459200652,1
Kolkata,Asia
-3008321461126581559,1
3787835332618243825,1
Araguaina,America
-6526013594998629957,1
Macau,Asia
South_Pole,Antarctica
4719137652216047953,1
5884404441873159989,1
3946548384160624825,1
Bahia,America
-3999046220321128036,1
-3840230125241865503,1
547908516173744082,1
4482112501526874939,1
Istanbul,Europe
-4909963674835979025,1
-6064179808037327980,1
7124353354350658380,1
-1088045945341514202,1
7063168563289465070,1
Prague,Europe
-2258105337530622830,1
-3642738332700923569,1
1325646574249258257,1
8755245106260068243,1
Abidjan,Africa
Chuuk,Pacific
3616414702529621629,1
-1991351000009168247,1
3799290387311398198,1
7037356394693673059,1
7464953072799521544,1
-1412101231529620431,1
3130725874279578112,1
409901418905993861,1
Madeira,Atlantic
-4097181981670110042,1
-3434658756160444833,1
-3580369411942310354,1
-6252543122889563688,1
-6969163911953350596,1
-8283910595477478764,1
4840005777886329368,1
2592029332641562193,1
-5309601478467357594,1
2201440622355610876,1
1180422639753609183,1
Grand_Turk,America
-8223433973734385879,1
North,Australia
8236785977213304305,1
Alaska,US
Montevideo,America
-4665452291793090644,1
4829348516973562008,1
1569530061185555412,1
Porto_Acre,America
-1957555178339863294,1
-9160367395848258140,1
Yancowinna,Australia
5274398715185985440,1
-2427526889859089946,1
4133695972721062582,1
-731906468545999963,1
-8466581178717152991,1
Baghdad,Asia
-4249889865254264208,1
Asia,182
-2356288935330909457,1
-2692182462482573786,1
-3165017129628083953,1
-5294882305330962825,1
2943227512291228451,1
GMT+9,Etc
-8098143041871810079,1
-6764374299192374932,1
-1572517253886633964,1
2155037980615990158,1
-2973652495471993620,1
-4942483463468234627,1
Busingen,Europe
Ulaanbaatar,Asia
4167003820904463501,1
GMT-13,Etc
8115804475884759854,1
-8457983093186017922,1
-1151420631460345628,1
3965599995845378207,1
6966746239191625208,1
2156279231022014319,1
-4100647779662352824,1
981802963639036579,1
4943531147320270701,1
Majuro,Pacific
-1411966254048031241,1
-1945577774880561633,1
Stockholm,Europe
5586186200175299663,1
5076260713903223911,1
3306553910359311063,1
Porto-Novo,Africa
8826798212860645668,1
-9044901041007339317,1
New_York,America
-5389750066329474329,1
1155353192123742257,1
-8372115978577538135,1
GMT-8,Etc
3441253539719471421,1
6448517707725859487,1
Johnston,Pacific
1545237445139076900,1
Guadalcanal,Pacific
8353372335950575344,1
-1899577437353787470,1
-4929381948882187125,1
8743569526446559904,1
Ashgabat,Asia
1074669154765649367,1
7232504963261590380,1
4710679773647260410,1
-6184689087961079031,1
728833752948045207,1
3088541728763410105,1
475608078248787874,1
501303728233795668,1
4824928653291886956,1
Santa_Isabel,America
844303478988175081,1
7023800891003352380,1
-101318341591107612,1
Bratislava,Europe
-4607300915838898709,1
4876380116666936024,1
3072391049934751549,1
7512851158599668140,1
-7860921780563208089,1
5017122583757540478,1
-2732893876873365396,1
7875165352084516995,1
575020264241965131,1
-5546852302147014443,1
Boise,America
4192669697248873880,1
-1496395911344396073,1
-4121000201246704920,1
-9189256938486780741,1
-9059030611771384688,1
3620107365703818446,1
-6820319229377737933,1
-6517419089278461629,1
-3458771689215157147,1
Bahrain,Asia
-5108017922283883575,1
5411552363860092987,1
7092801758981336976,1
-4428395432264961516,1
-2129597288319900278,1
8670623722138161366,1
-8658252453747156086,1
Dominica,America
Chagos,Indian
-3875172241444860158,1
-8180773377675007608,1
-3020723708047716962,1
-1958656697294821464,1
Kampala,Africa
-2760384590728772171,1
2364755715721707778,1
Eirunepe,America
Pitcairn,Pacific
-9157789595037387666,1
-4612154957916589187,1
-344985614408504133,1
689435730686652451,1
-2740558640496935730,1
Palmer,Antarctica
4371081058509719470,1
7284230061350792100,1
7621072898596269034,1
Wallis,Pacific
8574603302002799134,1
2740765006065473742,1
-2948531487113782728,1
-8374534894292972595,1
-4683386476676784150,1
Kentucky,America
-8832548035417050883,1
7717884589591999493,1
-4269016378766844213,1
822526129813479921,1
Cayman,America
4027943595802238197,1
Aruba,America
5439904864495172409,1
-5896313007488099150,1
Atikokan,America
6797227034490512646,1
8823150436978188084,1
4794992546369705119,1
1647684336633585815,1
-5036655326024760789,1
8367112908488256040,1
-914129489857720715,1
-1629695959293594205,1
8677166528464125229,1
7020466879832301753,1
8806331542938316834,1
4361666683575030732,1
8928902899551964516,1
-5539984864527420826,1
8845984281483411649,1
-3144012674637366704,1
-2346089594197546545,1
-7342673129434966081,1
-2156020397441367411,1
Asmera,Africa
7276187247044669648,1
-486269683263449367,1
-3142712119254194248,1
-1258622665014443720,1
-5808870993812145951,1
7094824934507414210,1
-4324581861821812394,1
-917900933061354221,1
900769587305175194,1
-4286674223075275048,1
-2278722221710317254,1
Guyana,America
-4119743209114923630,1
8753810960221659000,1
636388485913943449,1
Podgorica,Europe
285658842270114359,1
-5432016830361097107,1
-2745567739978254179,1
8195245887881165315,1
7046041294849277657,1
-1767783708110387153,1
3295334161055114887,1
Vancouver,America
9143112862126309329,1
Wake,Pacific
Pacific-New,US
8180142133144481165,1
-4273619401622285607,1
-5401599884063788469,1
42395473502784847,1
963033695811614357,1
-1178648926148035227,1
Mayotte,Indian
Blantyre,Africa
-1669775579508976741,1
2321776068433050891,1
1198146685979537292,1
St_Lucia,America
-782178284863366735,1
8285957731232217903,1
983357101255587228,1
7268878798686720574,1
Atlantic,Canada
Andorra,Europe
7181098135992144891,1
8048497335401673346,1
771107398046450522,1
-8419671462447734818,1
-3935167334253254811,1
Arizona,US
-4700567235032151594,1
2415145900344194837,1
Kashgar,Asia
Eastern,US
-9026512387435234929,1
2327885835482456505,1
4427338803113555223,1
Ljubljana,Europe
-775818768615412334,1
-8173292751084487709,1
Catamarca,America
-7497461461654787120,1
7483500885003109879,1
6322461182205568699,1
8395588137430420295,1
4940007963325990244,1
6245415309104132715,1
-1248541226808897094,1
1547001849211551444,1
8894806721854803566,1
-2241563120060007989,1
-3397281107785909273,1
-8087403825079752655,1
3019788261117329034,1
3737907067999621291,1
7955797714648523867,1
4229414686677214468,1
-981623238628477167,1
-4394312104969673914,1
1121491350157650976,1
-280813932063788291,1
1460757865455534327,1
-8320573851826767116,1
-5680254240936516616,1
Uzhgorod,Europe
-3304570539008645350,1
-4600540191473853229,1
-158298329241657841,1
1823410604455256294,1
-1673716865540332301,1
Recife,America
2666294670166736640,1
-6268522175729001159,1
4606796579343912849,1
8903248989157489753,1
1647386565402133005,1
-273454594568872279,1
2982893496865035,1
6287586802779557741,1
5212665410350479707,1
-8426274395074792264,1
6188595755750507397,1
-6759807002792973623,1
-6423101159911688903,1
-7156360167854911230,1
-6023181874542154696,1
-3717190659420699670,1
5740565970951722562,1
-1362998627942465003,1
-3107571837190994759,1
-3450554910478018003,1
2083394323823006713,1
-5848436607377138239,1
3587683008234201775,1
-3364396950312100428,1
-7887963347555513344,1
Kuwait,Asia
8777685119085004827,1
Kinshasa,Africa
-8581247002191321173,1
Regina,America
5502368342578901468,1
-2352576590108905149,1
-2024538497200637285,1
Santarem,America
-2946752736994357515,1
733474958135551165,1
Vienna,Europe
6878015764247275028,1
Pontianak,Asia
-8490681026144134175,1
2607790746682017877,1
4630848174132996842,1
-7777430216605067949,1
6979802566366094311,1
-6766824587817131823,1
2513137819822701547,1
Tallinn,Europe
8079086388517597172,1
5451948634258608901,1
905816642200586866,1
6042056448004737092,1
6349591730089557514,1
-3209358459715929634,1
7939563699943721776,1
3669712805092534052,1
6505764302033861187,1
-1631431865354225653,1
-8690047330050673193,1
-3090586883697000169,1
1883890421418746936,1
-6700115408567347529,1
-3399792648632795016,1
4103411409915471842,1
4549992835129210771,1
-5361794181413101580,1
Comoro,Indian
EasterIsland,Chile
7982419579862964741,1
8854656127161740405,1
7457261427315319030,1
-5412413937360879362,1
6237911962897846973,1
Oslo,Europe
-2599081407351706735,1
3558405984015889174,1
-9142000127806104652,1
Jujuy,America
-4091462585771093897,1
-376646512982260905,1
Maputo,Africa
276370350428732692,1
-7850350681942088020,1
Dar_es_Salaam,Africa
6678308473771609613,1
1575540219379848957,1
3572189783588023258,1
Ust-Nera,Asia
Niue,Pacific
-9005881332797361230,1
1,7112
4348645142150481602,1
-9207290610444635369,1
-1200443936314949967,1
-6065284006238941555,1
-8946184769687410116,1
Shiprock,America
-394259062101922389,1
-7189435398194083554,1
-3661596083671638425,1
4388275082505352430,1
3590930087068736348,1
6668832454487017434,1
4428368662602406004,1
-1227646610451765786,1
8790763246824308873,1
Goose_Bay,America
-4591591510410421457,1
Mbabane,Africa
3124508580091568414,1
1110149283214179832,1
-8764418161314501074,1
-345262510220277414,1
1241448137504760855,1
-6894968987917669357,1
Easter,Pacific
-8756221297672188113,1
5861239294835452438,1
1154919732516245498,1
Syowa,Antarctica
-2318646682831264713,1
-5951438349958816354,1
-5539045242826355149,1
8939594415252799334,1
1757153558187967133,1
-2336108970872924289,1
1895003204851019906,1
Faroe,Atlantic
6303977164235012781,1
-2244106218631871952,1
2279912910934259923,1
-4308048541584183955,1
1452311349757050600,1
1833505809627495063,1
-3858484837359450576,1
1008417689162385494,1
Samoa,US
1100181671005604759,1
6441123525528348299,1
-1398491926517769525,1
3112620699868706946,1
7617101174474404524,1
-3504822246031759336,1
3553448853523650049,1
1776146061063527789,1
-9076385140058326595,1
1259590791576696413,1
8938924772912925815,1
-4740060687021755402,1
5611724673433962491,1
Antigua,America
7100737463890677811,1
-354029801573337110,1
-6303786793162469449,1
-7208253909725470361,1
-3881140785838100066,1
-7084703045760407986,1
Buenos_Aires,America
1371608944404210984,1
-5849311163222137494,1
-2225729573451782249,1
-6367873734904341341,1
Perth,Australia
-1742996698975815056,1
Dakar,Africa
-141544905160635439,1
-4317214283263043156,1
Gaza,Asia
744477486939408835,1
Bujumbura,Africa
7563139110454616985,1
St_Vincent,America
6912424139783541482,1
Europe,4
GMT+4,Etc
8292054715449005265,1
-3870325267303174921,1
Samarkand,Asia
Midway,Pacific
6234476329443050737,1
-8689551744627963134,1
4834372856195031857,1
8652387816052371706,1
Bogota,America
5799589226650183576,1
-8452500057671544175,1
-9106414870983312554,1
-9139052063448212415,1
-2236447485361614901,1
1556873463966626111,1
1983891593838057593,1
Hovd,Asia
8976753519287086299,1
Gambier,Pacific
Argentina,America
-4739700141455311466,1
-1768359758631070158,1
6049643745779068356,1
3879792623088958881,1
-9049450930782403754,1
1952125213159857687,1
GMT+2,Etc
7684328206671773063,1
1693133431163661839,1
6938365791996774932,1
-731756137094954353,1
5269404143083121261,1
-3037327888932885793,1
-5764302922892874672,1
4972309120752218234,1
-3243284937494654569,1
-2300196048763068780,1
-6517177095190182379,1
97259345755964212,1
Swift_Current,America
4834448690346351176,1
-8512904403684690383,1
Santiago,America
5284006362792452479,1
Asmara,Africa
-7771803691677487845,1
-359084891706225588,1
3908571000380241795,1
-8253584178607516900,1
-7648819165983500710,1
7194053496627549185,1
-6052338649033789428,1
-7980816182366415816,1
-2165880989833871848,1
Noronha,America
6229911074446952294,1
5693148457294881201,1
8068130317952710228,1
-7313172558166450419,1
9194031343491880172,1
4998352951835554789,1
313173793319426380,1
-220523691616507218,1
-8019795317245641284,1
-3528201011128875998,1
Budapest,Europe
1013788801206459525,1
Acre,Brazil
4411060047088421146,1
GMT+6,Etc
-1631070917769499448,1
Metlakatla,America
Brussels,Europe
Juneau,America
5772398034704629144,1
Belgrade,Europe
8650723972657538820,1
2560897132160341377,1
7226882408954231331,1
Guatemala,America
-2788990493228939797,1
6443858337848056275,1
7809804411181219266,1
-6785789298666339084,1
2378197725327535755,1
610665797057846766,1
1324459072284388150,1
-8900904743062350871,1
Porto_Velho,America
-8873557333050122845,1
-1008520044812790917,1
-5147625943915629721,1
-6361486507848950055,1
8114182676649985769,1
-5649349447339138147,1
Ceuta,Africa
Fiji,Pacific
4292439955922924404,1
8792788900671605517,1
5363107840990779222,1
-1712006659531803531,1
5734448256648042863,1
St_Kitts,America
-679883970579140469,1
Currie,Australia
Funafuti,Pacific
St_Helena,Atlantic
1815727149344690727,1
7101715857399965689,1
-5345576597623434176,1
Warsaw,Europe
792409294850748921,1
9119586420950181959,1
3086344884872134606,1
Virgin,America
8372294099711941618,1
Ponape,Pacific
7824690452085906422,1
Monrovia,Africa
-662366263319830173,1
4908407516408892365,1
6881078466517781667,1
6425814251595173813,1
Choibalsan,Asia
8556232590776965166,1
-7011601250680525673,1
-7695952381115830111,1
-8246740849773963352,1
6255777053067942993,1
Kuching,Asia
Sofia,Europe
GMT-12,Etc
Truk,Pacific
6292160215042868894,1
-7201682479041792893,1
-4347085805058880557,1
1868619140759777677,1
Troll,Antarctica
4728681799452434474,1
7361317623081708236,1
8281198645540797942,1
-7182582964925318711,1
-5947925883510622582,1
1702893982590369467,1
5536393206627177340,1
4990003776220545944,1
Boa_Vista,America
-5110411466203022038,1
-5483190894648373016,1
8132204147698695137,1
Port-au-Prince,America
3365463905803989722,1
-4229038542981625301,1
-1516293427814458592,1
7453358483076294268,1
6741807185415656805,1
St_Thomas,America
7343548098593393219,1
-6636233539560554241,1
-1990370057570082687,1
8638511992327918565,1
5078848742210292554,1
4439868296409146496,1
5267796886611838729,1
-1368732855474923173,1
-4675406745519196743,1
Martinique,America
6344106265464435149,1
Tunis,Africa
Sarajevo,Europe
Cairo,Africa
Copenhagen,Europe
-7156137723192635643,1
-4466084264333536841,1
Muscat,Asia
691583899781903172,1
4175430945431636637,1
-3101649720282177930,1
5858742985550444992,1
Greenwich,Etc
2388113688844512292,1
4951013012565078482,1
-6869049417331187811,1
-787603483797447173,1
4288948125016277287,1
Winnipeg,America
Menominee,America
3787039409042717772,1
-5528445803286033863,1
Bishkek,Asia
3881410046512642561,1
-4172843423592321020,1
6569084261166606035,1
-1046666649556952520,1
6070945231982972833,1
-6744422426857938303,1
-3628650950893534722,1
-9140278062456451418,1
-2621847173642680013,1
1742858730754624828,1
8937515600552485041,1
Thunder_Bay,America
-2648111515792708355,1
Brazzaville,Africa
GMT-3,Etc
2410018170976410796,1
7386974800067294411,1
205325393853677391,1
1002136699290662011,1
Kosrae,Pacific
-3712429165570129309,1
GMT-9,Etc
2976642588171773041,1
-4570426675600349505,1
4270808876270344020,1
-686791111539295972,1
-3887014375313420488,1
7982712529175828616,1
-9089642223417138873,1
8144546956657851389,1
5665403647235678474,1
Juba,Africa
Norfolk,Pacific
4396649382103322810,1
-6973194093775035950,1
-2504754824770141255,1
2708879111791794859,1
6121156752826823010,1
4146178563247270293,1
Dushanbe,Asia
-8186034082624462,1
-3219278530045847686,1
-4621171239964516574,1
6768247390378731788,1
-4395341715431339421,1
2376932090848832710,1
7574081228417547536,1
-8036335477373731029,1
8554190574751163415,1
6826025917160765630,1
4554996049060480603,1
6777982925157096079,1
-9210150388788502738,1
Accra,Africa
Dawson_Creek,America
-3857808660777479952,1
7686424248572351578,1
7670725376479860061,1
-414048943075129475,1
2005080709495703314,1
Novokuznetsk,Asia
-7744992117489872383,1
Atka,America
-6222759591839568758,1
5478012128412805167,1
2317766584395923934,1
Kabul,Asia
555881236082585379,1
7844201050034125594,1
7853101097163634087,1
-6469430406334177070,1
6586582381126294623,1
-1662498256533542696,1
-949044628726468588,1
Vientiane,Asia
2000996486161069219,1
4771835660473241325,1
St_Barthelemy,America
-4782193235876155188,1
8069435440276872151,1
3046670154342961887,1
-7002246262667500715,1
6881492966554162847,1
-360713130968316357,1
-1813693173169785597,1
-7209118346858633045,1
8809799584023907213,1
-4504292755748768075,1
2836537854821823282,1
707611100169739749,1
7164923488337838608,1
-7215695032647645926,1
-5068016715979645010,1
-5061459432520577960,1
4971110985360898426,1
6577995870405015387,1
617704688873291340,1
-4934748105526141172,1
-1608266686864195222,1
8256334983293673667,1
Hong_Kong,Asia
-6113705436079413412,1
-5574019812200218232,1
8281695904477298476,1
-2603106299905251053,1
Broken_Hill,Australia
882915938800130597,1
3776221875535321356,1
8447755212897316104,1
4004607406411807885,1
-3037672015242343645,1
547988861637906463,1
-8506421991208539630,1
Tahiti,Pacific
-5755926748343332007,1
-6790351001671926810,1
7257674876820656515,1
Guam,Pacific
-2181662751997102426,1
-9145790700933676019,1
-3929375476819148571,1
-1004470003794290300,1
-4158419352581049445,1
5191830092912030541,1
5350265703685585127,1
-141011428728326088,1
-7267132032326463167,1
-6639757405699772071,1
-8329800393874731474,1
Saskatchewan,Canada
-6536932373843808429,1
4288950887512513600,1
-5524518105974284840,1
4755108007720245997,1
Tripoli,Africa
-7922778541011158864,1
East-Saskatchewan,Canada
8938752387246374958,1
-3325913862222356429,1
-4221689469893846846,1
-2323453760544056484,1
-2435727954820631549,1
-6486666623132612036,1
1569053732054916217,1
Central,US
2096133162202043794,1
1816013680139618407,1
1297431676918964006,1
-6214394771391158621,1
486750551678115354,1
4944443311008475282,1
-3205755515694212107,1
-71289457111692053,1
Kralendijk,America
-2066604505340093723,1
-1644669984006520613,1
2454954143428624350,1
-8537739038194502239,1
1359949720286718899,1
2313484269692228116,1
762389370895115794,1
-1572961250231477836,1
7334071713553141547,1
2109648410950283956,1
2888743316145017616,1
Yekaterinburg,Asia
2879628502523094700,1
-9145691036579300997,1
2070741522811300593,1
Queensland,Australia
3093579032743906301,1
GMT-11,Etc
6738471560046801415,1
Pacific,US
-352502587653775263,1
556372464919571996,1
Chisinau,Europe
7481022336575418461,1
Panama,America
-8003660032071366340,1
-4118394229029199341,1
-6826878896026315326,1
-1512692211485654205,1
3525576788082525162,1
Costa_Rica,America
7936042976588978776,1
Sao_Tome,Africa
3544943878038740405,1
-1841137294121277575,1
-2634171881389134367,1
2523480080146625870,1
-4759432138124011276,1
-8922242319628936302,1
-4096920185575949179,1
-8482561306265579576,1
6866631043780773806,1
-8059041725737153215,1
6140611452122567747,1
-2706858621232164277,1
9046836260644008723,1
-5911990335387357223,1
-4854355010201681257,1
2101307895683176492,1
-9128806298185601662,1
-6544810969608653708,1
8880229775641821195,1
Darwin,Australia
2734576273318898160,1
9044392025793100638,1
Ashkhabad,Asia
3268069108789178732,1
-4037132470552718746,1
5022379880156103392,1
141310842885724926,1
-1501478512235687090,1
-3930837116808323586,1
9057394463389365767,1
-2302466537149916246,1
8351504757162449407,1
-5379986078185433537,1
Saigon,Asia
Volgograd,Europe
Tel_Aviv,Asia
2151516673601091843,1
8688216707850371770,1
-7617583058599406446,1
7489255723373492751,1
-9171487038505628727,1
8830568364831716617,1
Damascus,Asia
-8255455614062136728,1
8524786940406490818,1
Marquesas,Pacific
-3214243508688891701,1
-2826253909034887734,1
Mendoza,America
San_Marino,Europe
7594704988855982854,1
-7416536061407583806,1
-2381534084127865678,1
8769219362221318819,1
Douala,Africa
8970186184142006211,1
-5698938337660924359,1
9159187521524925794,1
-3251220703701130316,1
3250203419633921183,1
Jan_Mayen,Atlantic
9019024403406840158,1
6714345540364527587,1
-5895947615698739293,1
-3389966349327728270,1
GMT-1,Etc
3687806303380202463,1
1997874428805784449,1
-4038131625634730599,1
3642016730480736856,1
-5745063986353147458,1
-3318907265840861535,1
4576946171938774167,1
GMT+11,Etc
Reunion,Indian
-4170242582340745244,1
4221811289824033785,1
Nouakchott,Africa
7955055594445501469,1
2991740165189674481,1
-1834851436449464112,1
Chicago,America
-2679179794208873283,1
GMT-5,Etc
-1019601872310437983,1
4616036158021881933,1
8303704498090470999,1
-4433114519462067030,1
-2498251680566596288,1
-1191917262809405691,1
-4901741894150078132,1
-3901902449803361843,1
483267062404505263,1
789801375127795519,1
5781531852313162162,1
3591193928273131695,1
-9121328309855961957,1
Thimbu,Asia
9086379167230714377,1
8899448244537557771,1
-4228512273813110676,1
3036959270382450051,1
83084122388645017,1
Halifax,America
-21645977165030506,1
2037605938069834239,1
Indianapolis,America
509856390033011679,1
8296378188570743299,1
8804688538120881703,1
Ndjamena,Africa
659350302832314119,1
445804573732455614,1
-5700332755935565750,1
-4796603711972112843,1
5349567450112755579,1
-5932744069679463567,1
-8631486333655543865,1
-7228922216319038160,1
4209683864914321832,1
8090298027084996988,1
-3130301051859399727,1
-4565130902801842147,1
2249224312736301972,1
Bermuda,Atlantic
-2911276742094130277,1
-6412592276633470771,1
-9178897633553614320,1
6625099739954576039,1
GMT-7,Etc
1924146280393877934,1
-4898098657331157480,1
Resolute,America
London,Europe
-5308632842348538094,1
Chatham,Pacific
1104494200866333354,1
8669176260696661999,1
-210769276245940098,1
570555762414078880,1
4279089450759723195,1
3257616714468937192,1
-2122632392073304635,1
4603709262862596883,1
9199276636879705724,1
5731540718124739778,1
-1681325614300382580,1
Nome,America
6308809319886165551,1
2659722896030969275,1
-5232521839791597171,1
8847200087693912555,1
-3940975336283981472,1
-2643512404499612794,1
1001020351000047569,1
Thimphu,Asia
862046578769646166,1
412383774411661858,1
1793027787236310565,1
6273234422702435683,1
-7261769975765319159,1
6815026076837737673,1
2421954747353606605,1
8351916259535609092,1
2515492193312969678,1
Malta,Europe
-6791961981937378583,1
Chihuahua,America
3738709621935790780,1
-4818648312176624519,1
7056256374976094023,1
-152223591512775758,1
Havana,America
-8223296809937397019,1
2775413831847093047,1
-5597891003577581043,1
-8314823643216344677,1
Maldives,Indian
-310297188734126292,1
8841458635400686865,1
4182311632029609355,1
GMT+0,Etc
-7754075459960341619,1
-1353937123188772088,1
3022475006705849555,1
8979400370812726784,1
-8978996360319394314,1
-6089598592828815870,1
-1947307948492396032,1
Bahia_Banderas,America
-341706139267826898,1
5646594329802355252,1
-7681097079902870882,1
Pago_Pago,Pacific
2066785822234774543,1
Colombo,Asia
Danmarkshavn,America
Yap,Pacific
6729701730754926239,1
Asuncion,America
-4394934809734392347,1
4493300982601694928,1
Cocos,Indian
-6279575041197491388,1
-6629241464707954222,1
-8548472524884814826,1
-8149969112499207590,1
-1664349765310876753,1
-2813564540822893453,1
Rome,Europe
5397420896885978071,1
-4233605597281018777,1
-8921969014376763772,1
5597581120821303578,1
Caracas,America
6634306955081912677,1
-8042486548637164652,1
-6286982517489008620,1
8390985202942326150,1
America,284
7461320176569635090,1
Coral_Harbour,America
2703810238094502363,1
Jakarta,Asia
7804718739846342825,1
Yakutsk,Asia
Minsk,Europe
-1944590501149362774,1
Antarctica,24
-3951655275477144580,1
8329009452388713794,1
Belfast,Europe
-3494406212193082114,1
6690608686164201564,1
-3822539884217950317,1
5635197384953889715,1
-6112516437751399202,1
Macquarie,Antarctica
2288981010031240209,1
Moscow,Europe
452725891552869556,1
-925005223598597534,1
Sitka,America
-6705656808198830248,1
-4272189938130148329,1
-452791853115622266,1
7640315875992037784,1
4503411396051435611,1
Mariehamn,Europe
9136914393834290095,1
-9222520276902479537,1
1774456156329779459,1
-5908459627347875235,1
8905507674621011322,1
7613002080764217113,1
-3521479105714972777,1
Ouagadougou,Africa
-6609832640292358557,1
Paramaribo,America
DumontDUrville,Antarctica
Godthab,America
Detroit,America
-2002645682787839076,1
-2763877089204622855,1
5779053401091642417,1
3464395066954963692,1
-1931252491905788973,1
-3125584460753873344,1
6219993877417345913,1
-7315245129067195384,1
5670187779668276788,1
-7102410105880665817,1
8108673327466284925,1
2003694554259489695,1
6375217236855804306,1
6269663241791835600,1
221329489508412410,1
-966800772033530661,1
4376791645274321084,1
-7567466924263371919,1
Cape_Verde,Atlantic
8963740830961859998,1
Timbuktu,Africa
Helsinki,Europe
-1574182347005717135,1
8688641778654050542,1
6704273307252528856,1
4862299228498190321,1
-742690963922379716,1
Riga,Europe
2866269023442750669,1
-8743427797587733302,1
Sydney,Australia
-2771854141293109302,1
-7068071317068043011,1
-9156981951844340710,1
Cuiaba,America
8787679048316798194,1
-1309808512790412650,1
4959474014166461125,1
Lagos,Africa
-8041002422574163933,1
6052241259463491159,1
8534503487590110820,1
Galapagos,Pacific
6672749746597716788,1
-396737346085390687,1
4478689349087694155,1
Jayapura,Asia
388936355744475994,1
-980685534068057162,1
6220549055898132644,1
-4602223600108759486,1
3023290737584446875,1
-7765229190661766588,1
7775889781248740632,1
-6673875138856445505,1
Barbados,America
Kamchatka,Asia
-6036694036212010750,1
Vladivostok,Asia
-5350555034440690544,1
Belize,America
Marigot,America
Davis,Antarctica
UCT,Etc
Skopje,Europe
Fakaofo,Pacific
Singapore,Asia
1703934800656720750,1
4269878777384898253,1
-6337609361780688378,1
439447383494542849,1
-8177687510010068762,1
-6235818816777672997,1
7751704609791139701,1
2849716326917029865,1
-4179987649903003355,1
-3970359494041619619,1
-8026160798126583759,1
-7745040366517610490,1
7471287178037865791,1
6714350616001743576,1
-6610340638908123990,1
-7831200746690959683,1
-5097230741632019660,1
-7562984531981432944,1
Omsk,Asia
-5409308404004620596,1
Bangui,Africa
-202465683573140500,1
-5822108326802676549,1
Honolulu,Pacific
337615728558937213,1
-2121629075618289520,1
6421182299595289751,1
-3649410000739322339,1
-6456188832943777330,1
Azores,Atlantic
-6964516548836813282,1
-3676288615225996635,1
4390294971135775799,1
230817213614070748,1
Rankin_Inlet,America
-7784781810383426900,1
6143918366431070396,1
3454755280137294589,1
7084404488272041907,1
Tijuana,America
4326234870148733240,1
-158722761322310772,1
-4981255343662698074,1
8700659686351740977,1
-7191351015014999585,1
-3045721293620968231,1
-2782877745139906175,1
-4086905544827828042,1
4015060361532004481,1
9105892691726252827,1
-7380253918415010054,1
Phoenix,America
4984293077299737980,1
2643472965163600525,1
4745622083234600937,1
-1912067153599851397,1
-8041175023848099574,1
171184833172126370,1
3879593324608473551,1
6330832652011682300,1
-3166461623620542850,1
2008287244856716200,1
8600830020152155292,1
-5297241615237344320,1
-1615426635094400665,1
7177783922961785868,1
3522262325814370793,1
7882511886150868730,1
5165959850827897297,1
5214271137625506395,1
7531376207159974933,1
Yerevan,Asia
-2524463931233228337,1
4005252125469900048,1
Vaduz,Europe
-795217864346303535,1
